set pages 1000 lines 1000
SQL> cl scr
SQL> waqtd empname and dname for all the emp working as manager in loc newyork and earning sal less than smith
SP2-0734: unknown command beginning "waqtd empn..." - rest of line ignored.
SQL> SELECT ENAME,DNAME
  2  FROM EMP,DEPT
  3  WHERE EMP.DEPTNO=DEPT.DEPTNO AND JOB='MANAGER' AND LOC='NEWYORK' AND SAL<(SELECT SAL
  4                                                                            FROM EMP
  5                                                                            WHERE ENAME='SMITH');

no rows selected

SQL> ED
Wrote file afiedt.buf

  1  SELECT ENAME,DNAME
  2  FROM EMP,DEPT
  3  WHERE EMP.DEPTNO=DEPT.DEPTNO AND JOB='MANAGER' AND LOC='NEWYORK' AND SAL>(SELECT SAL
  4                                                                            FROM EMP
  5*                                                                           WHERE ENAME='SMITH')
SQL> /

no rows selected

SQL> ED
Wrote file afiedt.buf

  1  SELECT ENAME,DNAME
  2  FROM EMP,DEPT
  3  WHERE EMP.DEPTNO=DEPT.DEPTNO AND JOB='MANAGER' AND LOC='NEW YORK' AND SAL>(SELECT SAL
  4                                                                            FROM EMP
  5*                                                                           WHERE ENAME='SMITH')
SQL> /

ENAME      DNAME                                                                                                                                                                                                                                                                                                                                                                                                                                                                                                                                                                                                                                                                                                                                                                                                                                                                                                                                                                                                                        
---------- --------------                                                                                                                                                                                                                                                                                                                                                                                                                                                                                                                                                                                                                                                                                                                                                                                                                                                                                                                                                                                                               
CLARK      ACCOUNTING                                                                                                                                                                                                                                                                                                                                                                                                                                                                                                                                                                                                                                                                                                                                                                                                                                                                                                                                                                                                                   

SQL> ---WAQT=-\]
SQL> ---WAQTD EMP NAME IF INVOICE ID  IS 7830
SQL> SELECT ENAME
  2  FROM EMP
  3  WHERE EMPID IN
  4  
SQL> ---WAQTD EMP NAME,EMP DEPTNO AND MANAGER NAME AND MANAGER DEPTNO
SQL> SELECT E1.ENAME,E1.DEPTNO,E2.ENAME,E2.DEPTNO
  2  FROM EMP E1,EMP E2
  3  WHERE E1.MGR=E2.EMPID AND E1.DEPTNO!=E2.DEPTNO;
WHERE E1.MGR=E2.EMPID AND E1.DEPTNO!=E2.DEPTNO
             *
ERROR at line 3:
ORA-00904: "E2"."EMPID": invalid identifier 


SQL> ED
Wrote file afiedt.buf

  1  SELECT E1.ENAME,E1.DEPTNO,E2.ENAME,E2.DEPTNO
  2  FROM EMP E1,EMP E2
  3* WHERE E1.MGR=E2.EMPNO AND E1.DEPTNO!=E2.DEPTNO
SQL> /

ENAME          DEPTNO ENAME          DEPTNO                                                                                                                                                                                                                                                                                                                                                                                                                                                                                                                                                                                                                                                                                                                                                                                                                                                                                                                                                                                             
---------- ---------- ---------- ----------                                                                                                                                                                                                                                                                                                                                                                                                                                                                                                                                                                                                                                                                                                                                                                                                                                                                                                                                                                                             
JONES              20 KING               10                                                                                                                                                                                                                                                                                                                                                                                                                                                                                                                                                                                                                                                                                                                                                                                                                                                                                                                                                                                             
BLAKE              30 KING               10                                                                                                                                                                                                                                                                                                                                                                                                                                                                                                                                                                                                                                                                                                                                                                                                                                                                                                                                                                                             

SQL> ED
Wrote file afiedt.buf

  1  SELECT E1.ENAME,E1.DEPTNO,E2.ENAME,E2.DEPTNO
  2  FROM EMP E1,EMP E2
  3* WHERE E1.MGR=E2.EMPNO AND E1.DEPTNO NOT IN E2.DEPTNO
SQL> /

ENAME          DEPTNO ENAME          DEPTNO                                                                                                                                                                                                                                                                                                                                                                                                                                                                                                                                                                                                                                                                                                                                                                                                                                                                                                                                                                                             
---------- ---------- ---------- ----------                                                                                                                                                                                                                                                                                                                                                                                                                                                                                                                                                                                                                                                                                                                                                                                                                                                                                                                                                                                             
JONES              20 KING               10                                                                                                                                                                                                                                                                                                                                                                                                                                                                                                                                                                                                                                                                                                                                                                                                                                                                                                                                                                                             
BLAKE              30 KING               10                                                                                                                                                                                                                                                                                                                                                                                                                                                                                                                                                                                                                                                                                                                                                                                                                                                                                                                                                                                             

SQL> ---WAQTD EMPNAME AND MANAGER NAME IF MANAGER IS ACTUAL MANAGER
SQL> SELECT E1.EMP EMPNAME,E2.EMP MGRNAME
  2  FROM EMP E1,EMP E2
  3  WHERE E1.MGR=E2.EMPNO AND JOB='MANAGER';
WHERE E1.MGR=E2.EMPNO AND JOB='MANAGER'
                          *
ERROR at line 3:
ORA-00918: column ambiguously defined 


SQL> ED
Wrote file afiedt.buf

  1  SELECT E1.EMP EMPNAME,E2.EMP MGRNAME
  2  FROM EMP E1,EMP E2
  3* WHERE E1.MGR=E2.EMPNO AND E2.JOB='MANAGER'
SQL> /
SELECT E1.EMP EMPNAME,E2.EMP MGRNAME
                      *
ERROR at line 1:
ORA-00904: "E2"."EMP": invalid identifier 


SQL> ED
Wrote file afiedt.buf

  1  SELECT E1.ENAME EMPNAME,E2.ENAME MGRNAME
  2  FROM EMP E1,EMP E2
  3* WHERE E1.MGR=E2.EMPNO AND E2.JOB='MANAGER'
SQL> /

EMPNAME    MGRNAME                                                                                                                                                                                                                                                                                                                                                                                                                                                                                                                                                                                                                                                                                                                                                                                                                                                                                                                                                                                                                      
---------- ----------                                                                                                                                                                                                                                                                                                                                                                                                                                                                                                                                                                                                                                                                                                                                                                                                                                                                                                                                                                                                                   
ALLEN      BLAKE                                                                                                                                                                                                                                                                                                                                                                                                                                                                                                                                                                                                                                                                                                                                                                                                                                                                                                                                                                                                                        
WARD       BLAKE                                                                                                                                                                                                                                                                                                                                                                                                                                                                                                                                                                                                                                                                                                                                                                                                                                                                                                                                                                                                                        
MARTIN     BLAKE                                                                                                                                                                                                                                                                                                                                                                                                                                                                                                                                                                                                                                                                                                                                                                                                                                                                                                                                                                                                                        
SCOTT      JONES                                                                                                                                                                                                                                                                                                                                                                                                                                                                                                                                                                                                                                                                                                                                                                                                                                                                                                                                                                                                                        
TURNER     BLAKE                                                                                                                                                                                                                                                                                                                                                                                                                                                                                                                                                                                                                                                                                                                                                                                                                                                                                                                                                                                                                        
JAMES      BLAKE                                                                                                                                                                                                                                                                                                                                                                                                                                                                                                                                                                                                                                                                                                                                                                                                                                                                                                                                                                                                                        
FORD       JONES                                                                                                                                                                                                                                                                                                                                                                                                                                                                                                                                                                                                                                                                                                                                                                                                                                                                                                                                                                                                                        
MILLER     CLARK                                                                                                                                                                                                                                                                                                                                                                                                                                                                                                                                                                                                                                                                                                                                                                                                                                                                                                                                                                                                                        

8 rows selected.

SQL> ---WAQTD EMPNAME AND MANAGER NAM IF EMP HIRED BEFORE MANAGER
SQL> SELECT E1.ENAME EMPNAME ,E2.ENAME MGRNAME
  2  FROM EMP E1,EMP E2
  3  WHERE E1.MGR=E2.EMPNO AND HIREDATE<(SELECT HIREDATE
  4  
SQL> 
SQL> ED
Wrote file afiedt.buf

  1  SELECT E1.ENAME EMPNAME ,E2.ENAME MGRNAME
  2  FROM EMP E1,EMP E2
  3* WHERE E1.MGR=E2.EMPNO AND E1.HIREDATE<E2.HIREDATE
SQL> /

EMPNAME    MGRNAME                                                                                                                                                                                                                                                                                                                                                                                                                                                                                                                                                                                                                                                                                                                                                                                                                                                                                                                                                                                                                      
---------- ----------                                                                                                                                                                                                                                                                                                                                                                                                                                                                                                                                                                                                                                                                                                                                                                                                                                                                                                                                                                                                                   
SMITH      FORD                                                                                                                                                                                                                                                                                                                                                                                                                                                                                                                                                                                                                                                                                                                                                                                                                                                                                                                                                                                                                         
ALLEN      BLAKE                                                                                                                                                                                                                                                                                                                                                                                                                                                                                                                                                                                                                                                                                                                                                                                                                                                                                                                                                                                                                        
WARD       BLAKE                                                                                                                                                                                                                                                                                                                                                                                                                                                                                                                                                                                                                                                                                                                                                                                                                                                                                                                                                                                                                        
JONES      KING                                                                                                                                                                                                                                                                                                                                                                                                                                                                                                                                                                                                                                                                                                                                                                                                                                                                                                                                                                                                                         
BLAKE      KING                                                                                                                                                                                                                                                                                                                                                                                                                                                                                                                                                                                                                                                                                                                                                                                                                                                                                                                                                                                                                         
CLARK      KING                                                                                                                                                                                                                                                                                                                                                                                                                                                                                                                                                                                                                                                                                                                                                                                                                                                                                                                                                                                                                         

6 rows selected.

SQL> --WAQTD EMPNAME AND MGR HIREDATE IF MGR NAME HAS TWO CONSECUTIVE L
SQL> SELECT E1.ENAME EMPNAME,E2.HIREDATE MGRHIREDATE
  2  FROM EMP E1,EMP E2
  3  WHERE E1.MGR=E2.EMPNO AND E2.ENAME LIKE '%LL%';

no rows selected

SQL> ---WAQTD EMP NAME EMP DEPTNAME AND MANAGER NAME AND MANAGER DEPTNAME FOR ALL THE EMP
SQL> SELECT E1.ENAME EMPNAME,D1.DNAME EMPDEPT ,E2.ENAME MGRNAME , D2.DNAME MGRDEPT
  2  FROM EMP E1,DEPT D1,EMP E2,DEPT D2
  3  WHERE E1.MGR=E2.EMPNO AND E1.DEPTNO=D1.DEPTNO AND E2.DEPTNO=D2.DEPTNO ;

EMPNAME    EMPDEPT        MGRNAME    MGRDEPT                                                                                                                                                                                                                                                                                                                                                                                                                                                                                                                                                                                                                                                                                                                                                                                                                                                                                                                                                                                            
---------- -------------- ---------- --------------                                                                                                                                                                                                                                                                                                                                                                                                                                                                                                                                                                                                                                                                                                                                                                                                                                                                                                                                                                                     
SMITH      RESEARCH       FORD       RESEARCH                                                                                                                                                                                                                                                                                                                                                                                                                                                                                                                                                                                                                                                                                                                                                                                                                                                                                                                                                                                           
ALLEN      SALES          BLAKE      SALES                                                                                                                                                                                                                                                                                                                                                                                                                                                                                                                                                                                                                                                                                                                                                                                                                                                                                                                                                                                              
WARD       SALES          BLAKE      SALES                                                                                                                                                                                                                                                                                                                                                                                                                                                                                                                                                                                                                                                                                                                                                                                                                                                                                                                                                                                              
JONES      RESEARCH       KING       ACCOUNTING                                                                                                                                                                                                                                                                                                                                                                                                                                                                                                                                                                                                                                                                                                                                                                                                                                                                                                                                                                                         
MARTIN     SALES          BLAKE      SALES                                                                                                                                                                                                                                                                                                                                                                                                                                                                                                                                                                                                                                                                                                                                                                                                                                                                                                                                                                                              
BLAKE      SALES          KING       ACCOUNTING                                                                                                                                                                                                                                                                                                                                                                                                                                                                                                                                                                                                                                                                                                                                                                                                                                                                                                                                                                                         
CLARK      ACCOUNTING     KING       ACCOUNTING                                                                                                                                                                                                                                                                                                                                                                                                                                                                                                                                                                                                                                                                                                                                                                                                                                                                                                                                                                                         
SCOTT      RESEARCH       JONES      RESEARCH                                                                                                                                                                                                                                                                                                                                                                                                                                                                                                                                                                                                                                                                                                                                                                                                                                                                                                                                                                                           
TURNER     SALES          BLAKE      SALES                                                                                                                                                                                                                                                                                                                                                                                                                                                                                                                                                                                                                                                                                                                                                                                                                                                                                                                                                                                              
ADAMS      RESEARCH       SCOTT      RESEARCH                                                                                                                                                                                                                                                                                                                                                                                                                                                                                                                                                                                                                                                                                                                                                                                                                                                                                                                                                                                           
JAMES      SALES          BLAKE      SALES                                                                                                                                                                                                                                                                                                                                                                                                                                                                                                                                                                                                                                                                                                                                                                                                                                                                                                                                                                                              
FORD       RESEARCH       JONES      RESEARCH                                                                                                                                                                                                                                                                                                                                                                                                                                                                                                                                                                                                                                                                                                                                                                                                                                                                                                                                                                                           
MILLER     ACCOUNTING     CLARK      ACCOUNTING                                                                                                                                                                                                                                                                                                                                                                                                                                                                                                                                                                                                                                                                                                                                                                                                                                                                                                                                                                                         

13 rows selected.

SQL> SPOOL OFF;
